Margarita Singleton,209-948-9184
Gilberto Valdez,209-325-6702
Maggie Mack,209-424-4745
Alfonso Reyes,209-666-4856
Miranda Padilla,209-439-3316
Ross Garcia,916-228-7680
Daryl Austin,916-987-7608
Glenda Andrews,916-767-4935
Virgil Olson,916-232-9007
Jessie Price,916-888-7095
Lena Obrien,559-326-2151
Angelo Brady,559-693-2122
Bert Floyd,559-522-1951
Erin Rose,559-267-6736
Barbara Lindsey,559-452-1962
Terrell Fitzgerald,213-789-2365
Joshua Rodgers,213-943-2359
Arturo Gill,213-394-5181
Christie Douglas,213-747-3404
Terrence Rowe,213-522-2907